device,vd,vg,freq_Hz,phig_eV,phig_source,Cgg_F,Cgd_F,Cgs_F,Cgb_F,Cgg_aF,gate_row_closure_pct,usable,exclude_reason
nsfet_n,0.05,-0.200000,1.0000e+06,4.500,yes,2.99492420e-17,-1.41162016e-17,-1.39031334e-17,-1.92990762e-18,29.9492,0.000002,yes,
nsfet_n,0.05,-0.191111,1.0000e+06,4.500,yes,2.99623171e-17,-1.41240321e-17,-1.39113692e-17,-1.92691591e-18,29.9623,0.000000,yes,
nsfet_n,0.05,-0.182222,1.0000e+06,4.500,yes,2.99754856e-17,-1.41318879e-17,-1.39196461e-17,-1.92395147e-18,29.9755,0.000000,yes,
nsfet_n,0.05,-0.173333,1.0000e+06,4.500,yes,2.99887500e-17,-1.41397711e-17,-1.39279668e-17,-1.92101221e-18,29.9888,0.000000,yes,
nsfet_n,0.05,-0.164444,1.0000e+06,4.500,yes,3.00021136e-17,-1.41476840e-17,-1.39363336e-17,-1.91809619e-18,30.0021,0.000001,yes,
nsfet_n,0.05,-0.155556,1.0000e+06,4.500,yes,3.00155788e-17,-1.41556277e-17,-1.39447491e-17,-1.91520182e-18,30.0156,0.000000,yes,
nsfet_n,0.05,-0.146667,1.0000e+06,4.500,yes,3.00291484e-17,-1.41636049e-17,-1.39532158e-17,-1.91232755e-18,30.0291,0.000000,yes,
nsfet_n,0.05,-0.137778,1.0000e+06,4.500,yes,3.00428265e-17,-1.41716178e-17,-1.39617366e-17,-1.90947203e-18,30.0428,0.000000,yes,
nsfet_n,0.05,-0.128889,1.0000e+06,4.500,yes,3.00566172e-17,-1.41796685e-17,-1.39703146e-17,-1.90663414e-18,30.0566,0.000000,yes,
nsfet_n,0.05,-0.120000,1.0000e+06,4.500,yes,3.00705251e-17,-1.41877596e-17,-1.39789525e-17,-1.90381293e-18,30.0705,0.000000,yes,
nsfet_n,0.05,-0.111111,1.0000e+06,4.500,yes,3.00845553e-17,-1.41958936e-17,-1.39876541e-17,-1.90100777e-18,30.0846,0.000000,yes,
nsfet_n,0.05,-0.102222,1.0000e+06,4.500,yes,3.00987140e-17,-1.42040727e-17,-1.39964230e-17,-1.89821832e-18,30.0987,0.000000,yes,
nsfet_n,0.05,-0.093333,1.0000e+06,4.500,yes,3.01130081e-17,-1.42123003e-17,-1.40052634e-17,-1.89544463e-18,30.1130,0.000001,yes,
nsfet_n,0.05,-0.084444,1.0000e+06,4.500,yes,3.01274455e-17,-1.42205786e-17,-1.40141800e-17,-1.89268698e-18,30.1274,0.000000,yes,
nsfet_n,0.05,-0.075556,1.0000e+06,4.500,yes,3.01420353e-17,-1.42289112e-17,-1.40231782e-17,-1.88994585e-18,30.1420,0.000000,yes,
nsfet_n,0.05,-0.066667,1.0000e+06,4.500,yes,3.01567877e-17,-1.42373015e-17,-1.40322643e-17,-1.88722197e-18,30.1568,0.000000,yes,
nsfet_n,0.05,-0.057778,1.0000e+06,4.500,yes,3.01717144e-17,-1.42457530e-17,-1.40414453e-17,-1.88451607e-18,30.1717,0.000000,yes,
nsfet_n,0.05,-0.048889,1.0000e+06,4.500,yes,3.01868286e-17,-1.42542698e-17,-1.40507297e-17,-1.88182895e-18,30.1868,0.000000,yes,
nsfet_n,0.05,-0.040000,1.0000e+06,4.500,yes,3.02021453e-17,-1.42628565e-17,-1.40601275e-17,-1.87916125e-18,30.2021,0.000000,yes,
nsfet_n,0.05,-0.031111,1.0000e+06,4.500,yes,3.02176819e-17,-1.42715182e-17,-1.40696504e-17,-1.87651345e-18,30.2177,0.000001,yes,
nsfet_n,0.05,-0.022222,1.0000e+06,4.500,yes,3.02334576e-17,-1.42802597e-17,-1.40793121e-17,-1.87388570e-18,30.2335,0.000000,yes,
nsfet_n,0.05,-0.013333,1.0000e+06,4.500,yes,3.02494958e-17,-1.42890878e-17,-1.40891298e-17,-1.87127811e-18,30.2495,0.000000,yes,
nsfet_n,0.05,-0.004444,1.0000e+06,4.500,yes,3.02658225e-17,-1.42980089e-17,-1.40991233e-17,-1.86869028e-18,30.2658,0.000000,yes,
nsfet_n,0.05,0.004444,1.0000e+06,4.500,yes,3.02824677e-17,-1.43070303e-17,-1.41093160e-17,-1.86612139e-18,30.2825,0.000000,yes,
nsfet_n,0.05,0.013333,1.0000e+06,4.500,yes,3.02994646e-17,-1.43161600e-17,-1.41197346e-17,-1.86357000e-18,30.2995,0.000000,yes,
nsfet_n,0.05,0.022222,1.0000e+06,4.500,yes,3.03168550e-17,-1.43254071e-17,-1.41304123e-17,-1.86103558e-18,30.3169,0.000000,yes,
nsfet_n,0.05,0.031111,1.0000e+06,4.500,yes,3.03346806e-17,-1.43347813e-17,-1.41413837e-17,-1.85851570e-18,30.3347,0.000000,yes,
nsfet_n,0.05,0.040000,1.0000e+06,4.500,yes,3.03529885e-17,-1.43442928e-17,-1.41526872e-17,-1.85600859e-18,30.3530,0.000000,yes,
nsfet_n,0.05,0.048889,1.0000e+06,4.500,yes,3.03718314e-17,-1.43539535e-17,-1.41643645e-17,-1.85351337e-18,30.3718,0.000000,yes,
nsfet_n,0.05,0.057778,1.0000e+06,4.500,yes,3.03912542e-17,-1.43637747e-17,-1.41764525e-17,-1.85102711e-18,30.3913,0.000000,yes,
nsfet_n,0.05,0.066667,1.0000e+06,4.500,yes,3.04113041e-17,-1.43737694e-17,-1.41889850e-17,-1.84854978e-18,30.4113,0.000000,yes,
nsfet_n,0.05,0.075556,1.0000e+06,4.500,yes,3.04320222e-17,-1.43839508e-17,-1.42019892e-17,-1.84608231e-18,30.4320,0.000000,yes,
nsfet_n,0.05,0.084444,1.0000e+06,4.500,yes,3.04534354e-17,-1.43943319e-17,-1.42154786e-17,-1.84362484e-18,30.4534,0.000000,yes,
nsfet_n,0.05,0.093333,1.0000e+06,4.500,yes,3.04755824e-17,-1.44049276e-17,-1.42294723e-17,-1.84118265e-18,30.4756,0.000000,yes,
nsfet_n,0.05,0.102222,1.0000e+06,4.500,yes,3.04984980e-17,-1.44157532e-17,-1.42439873e-17,-1.83875762e-18,30.4985,0.000000,yes,
nsfet_n,0.05,0.111111,1.0000e+06,4.500,yes,3.05222611e-17,-1.44268291e-17,-1.42590747e-17,-1.83635718e-18,30.5223,0.000000,yes,
nsfet_n,0.05,0.120000,1.0000e+06,4.500,yes,3.05469673e-17,-1.44381741e-17,-1.42748110e-17,-1.83398199e-18,30.5470,0.000001,yes,
nsfet_n,0.05,0.128889,1.0000e+06,4.500,yes,3.05727796e-17,-1.44498171e-17,-1.42913268e-17,-1.83163576e-18,30.5728,0.000000,yes,
nsfet_n,0.05,0.137778,1.0000e+06,4.500,yes,3.05999221e-17,-1.44617849e-17,-1.43088177e-17,-1.82931948e-18,30.5999,0.000000,yes,
nsfet_n,0.05,0.146667,1.0000e+06,4.500,yes,3.06286750e-17,-1.44741078e-17,-1.43275375e-17,-1.82702995e-18,30.6287,0.000001,yes,
nsfet_n,0.05,0.155556,1.0000e+06,4.500,yes,3.06593869e-17,-1.44868153e-17,-1.43478085e-17,-1.82476329e-18,30.6594,0.000000,yes,
nsfet_n,0.05,0.164444,1.0000e+06,4.500,yes,3.06924618e-17,-1.44999328e-17,-1.43700140e-17,-1.82251504e-18,30.6925,0.000000,yes,
nsfet_n,0.05,0.173333,1.0000e+06,4.500,yes,3.07283302e-17,-1.45134854e-17,-1.43945674e-17,-1.82027756e-18,30.7283,0.000000,yes,
nsfet_n,0.05,0.182222,1.0000e+06,4.500,yes,3.07674601e-17,-1.45274924e-17,-1.44219210e-17,-1.81804657e-18,30.7675,0.000001,yes,
nsfet_n,0.05,0.191111,1.0000e+06,4.500,yes,3.08103036e-17,-1.45419659e-17,-1.44525213e-17,-1.81581631e-18,30.8103,0.000000,yes,
nsfet_n,0.05,0.200000,1.0000e+06,4.500,yes,3.08572864e-17,-1.45569055e-17,-1.44867981e-17,-1.81358305e-18,30.8573,0.000001,yes,
nsfet_n,0.05,0.208889,1.0000e+06,4.500,yes,3.09087630e-17,-1.45723045e-17,-1.45251177e-17,-1.81134155e-18,30.9088,0.000002,yes,
nsfet_n,0.05,0.217778,1.0000e+06,4.500,yes,3.09650573e-17,-1.45881534e-17,-1.45678176e-17,-1.80908656e-18,30.9651,0.000001,yes,
nsfet_n,0.05,0.226667,1.0000e+06,4.500,yes,3.10265979e-17,-1.46044553e-17,-1.46153283e-17,-1.80681451e-18,31.0266,0.000001,yes,
nsfet_n,0.05,0.235556,1.0000e+06,4.500,yes,3.10941234e-17,-1.46212518e-17,-1.46683523e-17,-1.80451900e-18,31.0941,0.000001,yes,
nsfet_n,0.05,0.244444,1.0000e+06,4.500,yes,3.11689524e-17,-1.46386398e-17,-1.47281180e-17,-1.80219453e-18,31.1690,0.000000,yes,
nsfet_n,0.05,0.253333,1.0000e+06,4.500,yes,3.12531479e-17,-1.46567664e-17,-1.47965485e-17,-1.79983274e-18,31.2531,0.000001,yes,
nsfet_n,0.05,0.262222,1.0000e+06,4.500,yes,3.13495864e-17,-1.46758041e-17,-1.48763591e-17,-1.79742363e-18,31.3496,0.000001,yes,
nsfet_n,0.05,0.271111,1.0000e+06,4.500,yes,3.14620293e-17,-1.46959125e-17,-1.49711616e-17,-1.79495499e-18,31.4620,0.000001,yes,
nsfet_n,0.05,0.280000,1.0000e+06,4.500,yes,3.15952707e-17,-1.47172339e-17,-1.50856267e-17,-1.79240993e-18,31.5953,0.000000,yes,
nsfet_n,0.05,0.288889,1.0000e+06,4.500,yes,3.17552656e-17,-1.47399047e-17,-1.52255953e-17,-1.78976569e-18,31.7553,0.000000,yes,
nsfet_n,0.05,0.297778,1.0000e+06,4.500,yes,3.19493888e-17,-1.47641436e-17,-1.53982518e-17,-1.78699347e-18,31.9494,0.000000,yes,
nsfet_n,0.05,0.306667,1.0000e+06,4.500,yes,3.21863510e-17,-1.47902808e-17,-1.56120130e-17,-1.78405735e-18,32.1864,0.000000,yes,
nsfet_n,0.05,0.315556,1.0000e+06,4.500,yes,3.24764310e-17,-1.48185127e-17,-1.58770048e-17,-1.78091351e-18,32.4764,0.000000,yes,
nsfet_n,0.05,0.324444,1.0000e+06,4.500,yes,3.28315162e-17,-1.48476217e-17,-1.62063877e-17,-1.77750682e-18,32.8315,0.000000,yes,
nsfet_n,0.05,0.333333,1.0000e+06,4.500,yes,3.32641708e-17,-1.48738046e-17,-1.66165932e-17,-1.77377294e-18,33.2642,0.000000,yes,
nsfet_n,0.05,0.342222,1.0000e+06,4.500,yes,3.37403927e-17,-1.48899833e-17,-1.70807767e-17,-1.76963261e-18,33.7404,0.000000,yes,
nsfet_n,0.05,0.351111,1.0000e+06,4.500,yes,3.42962575e-17,-1.48987595e-17,-1.76325016e-17,-1.76499619e-18,34.2963,0.000001,yes,
nsfet_n,0.05,0.360000,1.0000e+06,4.500,yes,3.49581832e-17,-1.49014085e-17,-1.82970127e-17,-1.75976218e-18,34.9582,0.000001,yes,
nsfet_n,0.05,0.368889,1.0000e+06,4.500,yes,3.57223594e-17,-1.49041727e-17,-1.90643645e-17,-1.75382219e-18,35.7224,0.000000,yes,
nsfet_n,0.05,0.377778,1.0000e+06,4.500,yes,3.65743371e-17,-1.49181943e-17,-1.99090790e-17,-1.74706378e-18,36.5743,0.000000,yes,
nsfet_n,0.05,0.386667,1.0000e+06,4.500,yes,3.74835152e-17,-1.49502315e-17,-2.07939029e-17,-1.73938081e-18,37.4835,0.000000,yes,
nsfet_n,0.05,0.395556,1.0000e+06,4.500,yes,3.84333909e-17,-1.50081961e-17,-2.16945180e-17,-1.73067685e-18,38.4334,0.000000,yes,
nsfet_n,0.05,0.404444,1.0000e+06,4.500,yes,3.94131663e-17,-1.50950028e-17,-2.25972829e-17,-1.72088063e-18,39.4132,0.000000,yes,
nsfet_n,0.05,0.413333,1.0000e+06,4.500,yes,4.04234778e-17,-1.52155896e-17,-2.34979427e-17,-1.70994545e-18,40.4235,0.000000,yes,
nsfet_n,0.05,0.422222,1.0000e+06,4.500,yes,4.14603788e-17,-1.53715213e-17,-2.43909870e-17,-1.69787060e-18,41.4604,0.000000,yes,
nsfet_n,0.05,0.431111,1.0000e+06,4.500,yes,4.25177463e-17,-1.55660043e-17,-2.52670536e-17,-1.68468836e-18,42.5177,0.000000,yes,
nsfet_n,0.05,0.440000,1.0000e+06,4.500,yes,4.35877068e-17,-1.58059113e-17,-2.61113174e-17,-1.67047801e-18,43.5877,0.000000,yes,
nsfet_n,0.05,0.448889,1.0000e+06,4.500,yes,4.46608019e-17,-1.60985622e-17,-2.69068716e-17,-1.65536814e-18,44.6608,0.000000,yes,
nsfet_n,0.05,0.457778,1.0000e+06,4.500,yes,4.57275756e-17,-1.64508995e-17,-2.76371757e-17,-1.63950034e-18,45.7276,0.000000,yes,
nsfet_n,0.05,0.466667,1.0000e+06,4.500,yes,4.67807225e-17,-1.68686140e-17,-2.82890814e-17,-1.62302706e-18,46.7807,0.000000,yes,
nsfet_n,0.05,0.475556,1.0000e+06,4.500,yes,4.78144596e-17,-1.73553592e-17,-2.88529152e-17,-1.60618483e-18,47.8145,0.000001,yes,
nsfet_n,0.05,0.484444,1.0000e+06,4.500,yes,4.88261390e-17,-1.79125368e-17,-2.93245600e-17,-1.58904232e-18,48.8261,0.000000,yes,
nsfet_n,0.05,0.493333,1.0000e+06,4.500,yes,4.98133505e-17,-1.85394953e-17,-2.97020265e-17,-1.57182844e-18,49.8134,0.000000,yes,
nsfet_n,0.05,0.502222,1.0000e+06,4.500,yes,5.07749208e-17,-1.92332692e-17,-2.99869714e-17,-1.55468011e-18,50.7749,0.000000,yes,
nsfet_n,0.05,0.511111,1.0000e+06,4.500,yes,5.17090776e-17,-1.99873870e-17,-3.01838130e-17,-1.53787761e-18,51.7091,0.000000,yes,
nsfet_n,0.05,0.520000,1.0000e+06,4.500,yes,5.26156742e-17,-2.07949844e-17,-3.02991179e-17,-1.52157210e-18,52.6157,0.000000,yes,
nsfet_n,0.05,0.528889,1.0000e+06,4.500,yes,5.34944839e-17,-2.16448746e-17,-3.03438161e-17,-1.50579366e-18,53.4945,0.000001,yes,
nsfet_n,0.05,0.537778,1.0000e+06,4.500,yes,5.43459325e-17,-2.25260564e-17,-3.03293695e-17,-1.49050673e-18,54.3459,0.000000,yes,
nsfet_n,0.05,0.546667,1.0000e+06,4.500,yes,5.51673888e-17,-2.34241626e-17,-3.02671978e-17,-1.47602812e-18,55.1674,0.000001,yes,
nsfet_n,0.05,0.555556,1.0000e+06,4.500,yes,5.59584039e-17,-2.43268711e-17,-3.01692136e-17,-1.46231955e-18,55.9584,0.000001,yes,
nsfet_n,0.05,0.564444,1.0000e+06,4.500,yes,5.67178957e-17,-2.52225747e-17,-3.00458662e-17,-1.44945484e-18,56.7179,0.000000,yes,
nsfet_n,0.05,0.573333,1.0000e+06,4.500,yes,5.74468329e-17,-2.61017692e-17,-2.99077994e-17,-1.43726427e-18,57.4468,0.000000,yes,
nsfet_n,0.05,0.582222,1.0000e+06,4.500,yes,5.81424505e-17,-2.69562163e-17,-2.97601041e-17,-1.42613014e-18,58.1425,0.000000,yes,
nsfet_n,0.05,0.591111,1.0000e+06,4.500,yes,5.88066289e-17,-2.77794124e-17,-2.96114403e-17,-1.41577552e-18,58.8066,0.000001,yes,
nsfet_n,0.05,0.600000,1.0000e+06,4.500,yes,5.94407571e-17,-2.85695713e-17,-2.94650940e-17,-1.40609213e-18,59.4408,0.000001,yes,
nsfet_n,0.6,0.000000,1.0000e+06,4.500,yes,2.98025747e-17,-1.38205835e-17,-1.41190177e-17,-1.86297924e-18,29.8026,0.000019,yes,
nsfet_n,0.6,0.006667,1.0000e+06,4.500,yes,2.98142124e-17,-1.38260013e-17,-1.41268289e-17,-1.86138121e-18,29.8142,0.000004,yes,
nsfet_n,0.6,0.013333,1.0000e+06,4.500,yes,2.98260406e-17,-1.38314130e-17,-1.41348429e-17,-1.85978560e-18,29.8260,0.000003,yes,
nsfet_n,0.6,0.020000,1.0000e+06,4.500,yes,2.98380718e-17,-1.38368176e-17,-1.41430619e-17,-1.85819164e-18,29.8381,0.000002,yes,
nsfet_n,0.6,0.026667,1.0000e+06,4.500,yes,2.98503076e-17,-1.38422152e-17,-1.41514949e-17,-1.85660006e-18,29.8503,0.000009,yes,
nsfet_n,0.6,0.033333,1.0000e+06,4.500,yes,2.98627686e-17,-1.38476068e-17,-1.41601519e-17,-1.85501059e-18,29.8628,0.000002,yes,
nsfet_n,0.6,0.040000,1.0000e+06,4.500,yes,2.98754563e-17,-1.38529914e-17,-1.41690427e-17,-1.85342264e-18,29.8755,0.000002,yes,
nsfet_n,0.6,0.046667,1.0000e+06,4.500,yes,2.98883817e-17,-1.38583681e-17,-1.41781772e-17,-1.85183675e-18,29.8884,0.000001,yes,
nsfet_n,0.6,0.053333,1.0000e+06,4.500,yes,2.99015476e-17,-1.38637360e-17,-1.41875582e-17,-1.85025333e-18,29.9015,0.000000,yes,
nsfet_n,0.6,0.060000,1.0000e+06,4.500,yes,2.99149473e-17,-1.38691006e-17,-1.41971725e-17,-1.84867353e-18,29.9149,0.000002,yes,
nsfet_n,0.6,0.066667,1.0000e+06,4.500,yes,2.99285675e-17,-1.38744704e-17,-1.42069972e-17,-1.84710010e-18,29.9286,0.000001,yes,
nsfet_n,0.6,0.073333,1.0000e+06,4.500,yes,2.99423889e-17,-1.38798491e-17,-1.42170072e-17,-1.84553255e-18,29.9424,0.000000,yes,
nsfet_n,0.6,0.080000,1.0000e+06,4.500,yes,2.99563996e-17,-1.38852368e-17,-1.42271886e-17,-1.84397395e-18,29.9564,0.000001,yes,
nsfet_n,0.6,0.086667,1.0000e+06,4.500,yes,2.99706235e-17,-1.38906351e-17,-1.42375538e-17,-1.84243436e-18,29.9706,0.000001,yes,
nsfet_n,0.6,0.093333,1.0000e+06,4.500,yes,2.99850498e-17,-1.38960370e-17,-1.42481052e-17,-1.84090755e-18,29.9850,0.000000,yes,
nsfet_n,0.6,0.100000,1.0000e+06,4.500,yes,2.99997333e-17,-1.39014431e-17,-1.42588878e-17,-1.83940214e-18,29.9997,0.000001,yes,
nsfet_n,0.6,0.106667,1.0000e+06,4.500,yes,3.00147142e-17,-1.39068497e-17,-1.42699510e-17,-1.83791379e-18,30.0147,0.000001,yes,
nsfet_n,0.6,0.113333,1.0000e+06,4.500,yes,3.00300692e-17,-1.39122536e-17,-1.42813728e-17,-1.83644285e-18,30.0301,0.000000,yes,
nsfet_n,0.6,0.120000,1.0000e+06,4.500,yes,3.00458350e-17,-1.39176473e-17,-1.42932156e-17,-1.83497233e-18,30.0458,0.000001,yes,
nsfet_n,0.6,0.126667,1.0000e+06,4.500,yes,3.00621984e-17,-1.39230421e-17,-1.43056289e-17,-1.83352761e-18,30.0622,0.000001,yes,
nsfet_n,0.6,0.133333,1.0000e+06,4.500,yes,3.00792292e-17,-1.39284313e-17,-1.43187063e-17,-1.83209210e-18,30.0792,0.000002,yes,
nsfet_n,0.6,0.140000,1.0000e+06,4.500,yes,3.00970457e-17,-1.39338154e-17,-1.43325703e-17,-1.83066081e-18,30.0970,0.000003,yes,
nsfet_n,0.6,0.146667,1.0000e+06,4.500,yes,3.01157981e-17,-1.39391942e-17,-1.43473698e-17,-1.82923375e-18,30.1158,0.000001,yes,
nsfet_n,0.6,0.153333,1.0000e+06,4.500,yes,3.01356577e-17,-1.39445726e-17,-1.43632715e-17,-1.82781375e-18,30.1357,0.000000,yes,
nsfet_n,0.6,0.160000,1.0000e+06,4.500,yes,3.01567860e-17,-1.39499489e-17,-1.43804415e-17,-1.82639556e-18,30.1568,0.000000,yes,
nsfet_n,0.6,0.166667,1.0000e+06,4.500,yes,3.01793672e-17,-1.39553237e-17,-1.43990659e-17,-1.82497751e-18,30.1794,0.000000,yes,
nsfet_n,0.6,0.173333,1.0000e+06,4.500,yes,3.02035964e-17,-1.39607014e-17,-1.44193336e-17,-1.82356143e-18,30.2036,0.000000,yes,
nsfet_n,0.6,0.180000,1.0000e+06,4.500,yes,3.02296346e-17,-1.39660802e-17,-1.44414136e-17,-1.82214082e-18,30.2296,0.000000,yes,
nsfet_n,0.6,0.186667,1.0000e+06,4.500,yes,3.02576755e-17,-1.39714645e-17,-1.44654906e-17,-1.82072075e-18,30.2577,0.000001,yes,
nsfet_n,0.6,0.193333,1.0000e+06,4.500,yes,3.02878320e-17,-1.39768523e-17,-1.44916856e-17,-1.81929396e-18,30.2878,0.000001,yes,
nsfet_n,0.6,0.200000,1.0000e+06,4.500,yes,3.03202306e-17,-1.39822451e-17,-1.45201241e-17,-1.81786209e-18,30.3202,0.000002,yes,
nsfet_n,0.6,0.206667,1.0000e+06,4.500,yes,3.03549640e-17,-1.39876394e-17,-1.45509028e-17,-1.81642170e-18,30.3550,0.000000,yes,
nsfet_n,0.6,0.213333,1.0000e+06,4.500,yes,3.03921346e-17,-1.39930304e-17,-1.45841356e-17,-1.81496818e-18,30.3921,0.000001,yes,
nsfet_n,0.6,0.220000,1.0000e+06,4.500,yes,3.04319595e-17,-1.39984141e-17,-1.46200417e-17,-1.81350405e-18,30.4320,0.000001,yes,
nsfet_n,0.6,0.226667,1.0000e+06,4.500,yes,3.04747563e-17,-1.40037822e-17,-1.46589490e-17,-1.81202516e-18,30.4748,0.000000,yes,
nsfet_n,0.6,0.233333,1.0000e+06,4.500,yes,3.05210205e-17,-1.40091257e-17,-1.47013685e-17,-1.81052635e-18,30.5210,0.000000,yes,
nsfet_n,0.6,0.240000,1.0000e+06,4.500,yes,3.05715073e-17,-1.40144367e-17,-1.47480636e-17,-1.80900711e-18,30.5715,0.000000,yes,
nsfet_n,0.6,0.246667,1.0000e+06,4.500,yes,3.06271852e-17,-1.40197022e-17,-1.48000219e-17,-1.80746120e-18,30.6272,0.000000,yes,
nsfet_n,0.6,0.253333,1.0000e+06,4.500,yes,3.06892803e-17,-1.40249155e-17,-1.48584793e-17,-1.80588524e-18,30.6893,0.000001,yes,
nsfet_n,0.6,0.260000,1.0000e+06,4.500,yes,3.07592805e-17,-1.40300609e-17,-1.49249485e-17,-1.80427145e-18,30.7593,0.000001,yes,
nsfet_n,0.6,0.266667,1.0000e+06,4.500,yes,3.08389840e-17,-1.40351160e-17,-1.50012531e-17,-1.80261473e-18,30.8390,0.000001,yes,
nsfet_n,0.6,0.273333,1.0000e+06,4.500,yes,3.09305725e-17,-1.40400375e-17,-1.50896297e-17,-1.80090547e-18,30.9306,0.000000,yes,
nsfet_n,0.6,0.280000,1.0000e+06,4.500,yes,3.10365968e-17,-1.40447948e-17,-1.51926678e-17,-1.79913415e-18,31.0366,0.000000,yes,
nsfet_n,0.6,0.286667,1.0000e+06,4.500,yes,3.11599194e-17,-1.40493886e-17,-1.53132447e-17,-1.79728621e-18,31.1599,0.000000,yes,
nsfet_n,0.6,0.293333,1.0000e+06,4.500,yes,3.13038573e-17,-1.40537939e-17,-1.54547117e-17,-1.79535201e-18,31.3039,0.000001,yes,
nsfet_n,0.6,0.300000,1.0000e+06,4.500,yes,3.14723746e-17,-1.40579517e-17,-1.56211115e-17,-1.79331159e-18,31.4724,0.000000,yes,
nsfet_n,0.6,0.306667,1.0000e+06,4.500,yes,3.16693943e-17,-1.40618731e-17,-1.58163725e-17,-1.79114886e-18,31.6694,0.000000,yes,
nsfet_n,0.6,0.313333,1.0000e+06,4.500,yes,3.18981549e-17,-1.40657098e-17,-1.60436023e-17,-1.78884275e-18,31.8982,0.000000,yes,
nsfet_n,0.6,0.320000,1.0000e+06,4.500,yes,3.21634054e-17,-1.40695062e-17,-1.63075256e-17,-1.78637368e-18,32.1634,0.000000,yes,
nsfet_n,0.6,0.326667,1.0000e+06,4.500,yes,3.24677621e-17,-1.40732173e-17,-1.66108319e-17,-1.78371292e-18,32.4678,0.000000,yes,
nsfet_n,0.6,0.333333,1.0000e+06,4.500,yes,3.28104474e-17,-1.40768370e-17,-1.69527707e-17,-1.78083964e-18,32.8104,0.000000,yes,
nsfet_n,0.6,0.340000,1.0000e+06,4.500,yes,3.31981848e-17,-1.40804433e-17,-1.73400150e-17,-1.77772686e-18,33.1982,0.000001,yes,
nsfet_n,0.6,0.346667,1.0000e+06,4.500,yes,3.36090015e-17,-1.40839327e-17,-1.77507187e-17,-1.77435011e-18,33.6090,0.000000,yes,
nsfet_n,0.6,0.353333,1.0000e+06,4.500,yes,3.40180721e-17,-1.40871593e-17,-1.81602349e-17,-1.77067786e-18,34.0181,0.000000,yes,
nsfet_n,0.6,0.360000,1.0000e+06,4.500,yes,3.44423940e-17,-1.40903551e-17,-1.85853493e-17,-1.76668939e-18,34.4424,0.000001,yes,
nsfet_n,0.6,0.366667,1.0000e+06,4.500,yes,3.49091147e-17,-1.40940902e-17,-1.90526633e-17,-1.76236090e-18,34.9091,0.000001,yes,
nsfet_n,0.6,0.373333,1.0000e+06,4.500,yes,3.54058599e-17,-1.40980173e-17,-1.95501705e-17,-1.75767245e-18,35.4059,0.000001,yes,
nsfet_n,0.6,0.380000,1.0000e+06,4.500,yes,3.59291080e-17,-1.41024171e-17,-2.00740830e-17,-1.75260838e-18,35.9291,0.000001,yes,
nsfet_n,0.6,0.386667,1.0000e+06,4.500,yes,3.64651062e-17,-1.41069438e-17,-2.06110011e-17,-1.74716164e-18,36.4651,0.000001,yes,
nsfet_n,0.6,0.393333,1.0000e+06,4.500,yes,3.70189591e-17,-1.41120722e-17,-2.11655584e-17,-1.74132869e-18,37.0190,0.000000,yes,
nsfet_n,0.6,0.400000,1.0000e+06,4.500,yes,3.75738673e-17,-1.41168409e-17,-2.17219095e-17,-1.73511683e-18,37.5739,0.000000,yes,
nsfet_n,0.6,0.406667,1.0000e+06,4.500,yes,3.81208879e-17,-1.41211172e-17,-2.22712292e-17,-1.72854146e-18,38.1209,0.000000,yes,
nsfet_n,0.6,0.413333,1.0000e+06,4.500,yes,3.86496078e-17,-1.41246128e-17,-2.28033586e-17,-1.72163642e-18,38.6496,0.000000,yes,
nsfet_n,0.6,0.420000,1.0000e+06,4.500,yes,3.91623123e-17,-1.41280120e-17,-2.33198845e-17,-1.71441556e-18,39.1623,0.000001,yes,
nsfet_n,0.6,0.426667,1.0000e+06,4.500,yes,3.96642160e-17,-1.41324960e-17,-2.38248166e-17,-1.70690328e-18,39.6642,0.000000,yes,
nsfet_n,0.6,0.433333,1.0000e+06,4.500,yes,4.01414247e-17,-1.41374390e-17,-2.43048274e-17,-1.69915836e-18,40.1414,0.000000,yes,
nsfet_n,0.6,0.440000,1.0000e+06,4.500,yes,4.05839758e-17,-1.41422785e-17,-2.47504936e-17,-1.69120373e-18,40.5840,0.000000,yes,
nsfet_n,0.6,0.446667,1.0000e+06,4.500,yes,4.09954040e-17,-1.41477896e-17,-2.51645358e-17,-1.68307853e-18,40.9954,0.000000,yes,
nsfet_n,0.6,0.453333,1.0000e+06,4.500,yes,4.13736782e-17,-1.41539027e-17,-2.55449450e-17,-1.67483058e-18,41.3737,0.000000,yes,
nsfet_n,0.6,0.460000,1.0000e+06,4.500,yes,4.17232756e-17,-1.41612689e-17,-2.58955089e-17,-1.66649779e-18,41.7233,0.000000,yes,
nsfet_n,0.6,0.466667,1.0000e+06,4.500,yes,4.20439446e-17,-1.41698249e-17,-2.62160139e-17,-1.65810570e-18,42.0439,0.000000,yes,
nsfet_n,0.6,0.473333,1.0000e+06,4.500,yes,4.23345525e-17,-1.41791402e-17,-2.65056940e-17,-1.64971813e-18,42.3346,0.000001,yes,
nsfet_n,0.6,0.480000,1.0000e+06,4.500,yes,4.25946682e-17,-1.41887860e-17,-2.67645265e-17,-1.64135565e-18,42.5947,0.000000,yes,
nsfet_n,0.6,0.486667,1.0000e+06,4.500,yes,4.28299695e-17,-1.41990031e-17,-2.69979577e-17,-1.63300881e-18,42.8300,0.000000,yes,
nsfet_n,0.6,0.493333,1.0000e+06,4.500,yes,4.30438256e-17,-1.42098411e-17,-2.72092787e-17,-1.62470599e-18,43.0438,0.000000,yes,
nsfet_n,0.6,0.500000,1.0000e+06,4.500,yes,4.32396249e-17,-1.42213435e-17,-2.74017572e-17,-1.61652389e-18,43.2396,0.000001,yes,
nsfet_n,0.6,0.506667,1.0000e+06,4.500,yes,4.34169908e-17,-1.42326772e-17,-2.75759228e-17,-1.60839202e-18,43.4170,0.000003,yes,
nsfet_n,0.6,0.513333,1.0000e+06,4.500,yes,4.35853048e-17,-1.42451281e-17,-2.77397830e-17,-1.60039592e-18,43.5853,0.000005,yes,
nsfet_n,0.6,0.520000,1.0000e+06,4.500,yes,4.37402127e-17,-1.42573014e-17,-2.78903233e-17,-1.59259024e-18,43.7402,0.000005,yes,
nsfet_n,0.6,0.526667,1.0000e+06,4.500,yes,4.38868441e-17,-1.42694555e-17,-2.80325947e-17,-1.58479305e-18,43.8868,0.000002,yes,
nsfet_n,0.6,0.533333,1.0000e+06,4.500,yes,4.40309813e-17,-1.42828683e-17,-2.81709251e-17,-1.57718918e-18,44.0310,0.000003,yes,
nsfet_n,0.6,0.540000,1.0000e+06,4.500,yes,4.41650649e-17,-1.42952332e-17,-2.83001537e-17,-1.56967757e-18,44.1651,0.000001,yes,
nsfet_n,0.6,0.546667,1.0000e+06,4.500,yes,4.42931610e-17,-1.43076622e-17,-2.84231217e-17,-1.56237563e-18,44.2932,0.000003,yes,
nsfet_n,0.6,0.553333,1.0000e+06,4.500,yes,4.44188272e-17,-1.43208475e-17,-2.85427658e-17,-1.55521355e-18,44.4188,0.000001,yes,
nsfet_n,0.6,0.560000,1.0000e+06,4.500,yes,4.45404937e-17,-1.43344739e-17,-2.86578791e-17,-1.54814117e-18,44.5405,0.000001,yes,
nsfet_n,0.6,0.566667,1.0000e+06,4.500,yes,4.46567473e-17,-1.43484731e-17,-2.87670378e-17,-1.54123644e-18,44.6567,0.000000,yes,
nsfet_n,0.6,0.573333,1.0000e+06,4.500,yes,4.47672697e-17,-1.43629241e-17,-2.88698789e-17,-1.53446657e-18,44.7673,0.000000,yes,
nsfet_n,0.6,0.580000,1.0000e+06,4.500,yes,4.48703435e-17,-1.43776075e-17,-2.89648701e-17,-1.52786609e-18,44.8703,0.000001,yes,
nsfet_n,0.6,0.586667,1.0000e+06,4.500,yes,4.49670258e-17,-1.43931983e-17,-2.90523751e-17,-1.52145262e-18,44.9670,0.000000,yes,
nsfet_n,0.6,0.593333,1.0000e+06,4.500,yes,4.50545506e-17,-1.44092945e-17,-2.91301057e-17,-1.51514937e-18,45.0546,0.000002,yes,
nsfet_n,0.6,0.600000,1.0000e+06,4.500,yes,4.51352079e-17,-1.44263525e-17,-2.91998317e-17,-1.50902301e-18,45.1352,0.000002,yes,
nsfet_p,-0.05,0.200000,1.0000e+06,4.720,inferred,2.98778200e-17,-1.40743092e-17,-1.38628209e-17,-1.94068265e-18,29.8778,0.000024,no,phig_mismatch_vs_iv
nsfet_p,-0.05,0.191111,1.0000e+06,4.720,inferred,2.98900473e-17,-1.40818262e-17,-1.38706391e-17,-1.93758522e-18,29.8900,0.000011,no,phig_mismatch_vs_iv
nsfet_p,-0.05,0.182222,1.0000e+06,4.720,inferred,2.99023765e-17,-1.40893655e-17,-1.38784860e-17,-1.93452361e-18,29.9024,0.000005,no,phig_mismatch_vs_iv
nsfet_p,-0.05,0.173333,1.0000e+06,4.720,inferred,2.99147829e-17,-1.40969276e-17,-1.38863636e-17,-1.93149603e-18,29.9148,0.000015,no,phig_mismatch_vs_iv
nsfet_p,-0.05,0.164444,1.0000e+06,4.720,inferred,2.99272832e-17,-1.41045141e-17,-1.38942736e-17,-1.92850074e-18,29.9273,0.000017,no,phig_mismatch_vs_iv
nsfet_p,-0.05,0.155556,1.0000e+06,4.720,inferred,2.99398808e-17,-1.41121268e-17,-1.39022182e-17,-1.92553562e-18,29.9399,0.000001,no,phig_mismatch_vs_iv
nsfet_p,-0.05,0.146667,1.0000e+06,4.720,inferred,2.99525644e-17,-1.41197671e-17,-1.39101999e-17,-1.92259856e-18,29.9526,0.000004,no,phig_mismatch_vs_iv
nsfet_p,-0.05,0.137778,1.0000e+06,4.720,inferred,2.99653484e-17,-1.41274384e-17,-1.39182210e-17,-1.91968743e-18,29.9653,0.000005,no,phig_mismatch_vs_iv
nsfet_p,-0.05,0.128889,1.0000e+06,4.720,inferred,2.99782261e-17,-1.41351414e-17,-1.39262841e-17,-1.91680034e-18,29.9782,0.000001,no,phig_mismatch_vs_iv
nsfet_p,-0.05,0.120000,1.0000e+06,4.720,inferred,2.99912049e-17,-1.41428787e-17,-1.39343912e-17,-1.91393549e-18,29.9912,0.000002,no,phig_mismatch_vs_iv
nsfet_p,-0.05,0.111111,1.0000e+06,4.720,inferred,3.00042890e-17,-1.41506522e-17,-1.39425450e-17,-1.91109141e-18,30.0043,0.000001,no,phig_mismatch_vs_iv
nsfet_p,-0.05,0.102222,1.0000e+06,4.720,inferred,3.00174784e-17,-1.41584644e-17,-1.39507482e-17,-1.90826647e-18,30.0175,0.000002,no,phig_mismatch_vs_iv
nsfet_p,-0.05,0.093333,1.0000e+06,4.720,inferred,3.00307789e-17,-1.41663168e-17,-1.39590031e-17,-1.90545927e-18,30.0308,0.000001,no,phig_mismatch_vs_iv
nsfet_p,-0.05,0.084444,1.0000e+06,4.720,inferred,3.00441936e-17,-1.41742117e-17,-1.39673129e-17,-1.90266848e-18,30.0442,0.000002,no,phig_mismatch_vs_iv
nsfet_p,-0.05,0.075556,1.0000e+06,4.720,inferred,3.00577265e-17,-1.41821520e-17,-1.39756809e-17,-1.89989306e-18,30.0577,0.000002,no,phig_mismatch_vs_iv
nsfet_p,-0.05,0.066667,1.0000e+06,4.720,inferred,3.00713832e-17,-1.41901402e-17,-1.39841105e-17,-1.89713221e-18,30.0714,0.000001,no,phig_mismatch_vs_iv
nsfet_p,-0.05,0.057778,1.0000e+06,4.720,inferred,3.00851701e-17,-1.41981793e-17,-1.39926056e-17,-1.89438530e-18,30.0852,0.000000,no,phig_mismatch_vs_iv
nsfet_p,-0.05,0.048889,1.0000e+06,4.720,inferred,3.00990949e-17,-1.42062716e-17,-1.40011712e-17,-1.89165219e-18,30.0991,0.000000,no,phig_mismatch_vs_iv
nsfet_p,-0.05,0.040000,1.0000e+06,4.720,inferred,3.01131654e-17,-1.42144211e-17,-1.40098115e-17,-1.88893295e-18,30.1132,0.000001,no,phig_mismatch_vs_iv
nsfet_p,-0.05,0.031111,1.0000e+06,4.720,inferred,3.01273898e-17,-1.42226304e-17,-1.40185316e-17,-1.88622793e-18,30.1274,0.000000,no,phig_mismatch_vs_iv
nsfet_p,-0.05,0.022222,1.0000e+06,4.720,inferred,3.01417778e-17,-1.42309031e-17,-1.40273372e-17,-1.88353779e-18,30.1418,0.000001,no,phig_mismatch_vs_iv
nsfet_p,-0.05,0.013333,1.0000e+06,4.720,inferred,3.01563402e-17,-1.42392419e-17,-1.40362350e-17,-1.88086317e-18,30.1563,0.000000,no,phig_mismatch_vs_iv
nsfet_p,-0.05,0.004444,1.0000e+06,4.720,inferred,3.01710892e-17,-1.42476519e-17,-1.40452325e-17,-1.87820489e-18,30.1711,0.000000,no,phig_mismatch_vs_iv
nsfet_p,-0.05,-0.004444,1.0000e+06,4.720,inferred,3.01860388e-17,-1.42561363e-17,-1.40543389e-17,-1.87556353e-18,30.1860,0.000000,no,phig_mismatch_vs_iv
nsfet_p,-0.05,-0.013333,1.0000e+06,4.720,inferred,3.02012047e-17,-1.42647004e-17,-1.40635646e-17,-1.87293971e-18,30.2012,0.000000,no,phig_mismatch_vs_iv
nsfet_p,-0.05,-0.022222,1.0000e+06,4.720,inferred,3.02166056e-17,-1.42733494e-17,-1.40729223e-17,-1.87033390e-18,30.2166,0.000000,no,phig_mismatch_vs_iv
nsfet_p,-0.05,-0.031111,1.0000e+06,4.720,inferred,3.02322619e-17,-1.42820885e-17,-1.40824273e-17,-1.86774619e-18,30.2323,0.000000,no,phig_mismatch_vs_iv
nsfet_p,-0.05,-0.040000,1.0000e+06,4.720,inferred,3.02481951e-17,-1.42909241e-17,-1.40920954e-17,-1.86517566e-18,30.2482,0.000000,no,phig_mismatch_vs_iv
nsfet_p,-0.05,-0.048889,1.0000e+06,4.720,inferred,3.02644342e-17,-1.42998639e-17,-1.41019477e-17,-1.86262290e-18,30.2644,0.000001,no,phig_mismatch_vs_iv
nsfet_p,-0.05,-0.057778,1.0000e+06,4.720,inferred,3.02810074e-17,-1.43089146e-17,-1.41120065e-17,-1.86008638e-18,30.2810,0.000000,no,phig_mismatch_vs_iv
nsfet_p,-0.05,-0.066667,1.0000e+06,4.720,inferred,3.02979441e-17,-1.43180845e-17,-1.41222956e-17,-1.85756403e-18,30.2979,0.000000,no,phig_mismatch_vs_iv
nsfet_p,-0.05,-0.075556,1.0000e+06,4.720,inferred,3.03152867e-17,-1.43273846e-17,-1.41328454e-17,-1.85505679e-18,30.3153,0.000000,no,phig_mismatch_vs_iv
nsfet_p,-0.05,-0.084444,1.0000e+06,4.720,inferred,3.03330670e-17,-1.43368235e-17,-1.41436822e-17,-1.85256136e-18,30.3331,0.000000,no,phig_mismatch_vs_iv
nsfet_p,-0.05,-0.093333,1.0000e+06,4.720,inferred,3.03513165e-17,-1.43464120e-17,-1.41548291e-17,-1.85007532e-18,30.3513,0.000000,no,phig_mismatch_vs_iv
nsfet_p,-0.05,-0.102222,1.0000e+06,4.720,inferred,3.03700755e-17,-1.43561630e-17,-1.41663122e-17,-1.84760020e-18,30.3701,0.000001,no,phig_mismatch_vs_iv
nsfet_p,-0.05,-0.111111,1.0000e+06,4.720,inferred,3.03893587e-17,-1.43660875e-17,-1.41781392e-17,-1.84513226e-18,30.3894,0.000001,no,phig_mismatch_vs_iv
nsfet_p,-0.05,-0.120000,1.0000e+06,4.720,inferred,3.04091899e-17,-1.43761970e-17,-1.41903180e-17,-1.84267501e-18,30.4092,0.000001,no,phig_mismatch_vs_iv
nsfet_p,-0.05,-0.128889,1.0000e+06,4.720,inferred,3.04295695e-17,-1.43865019e-17,-1.42028391e-17,-1.84022858e-18,30.4296,0.000000,no,phig_mismatch_vs_iv
nsfet_p,-0.05,-0.137778,1.0000e+06,4.720,inferred,3.04505064e-17,-1.43970179e-17,-1.42156904e-17,-1.83779838e-18,30.4505,0.000001,no,phig_mismatch_vs_iv
nsfet_p,-0.05,-0.146667,1.0000e+06,4.720,inferred,3.04719999e-17,-1.44077497e-17,-1.42288639e-17,-1.83538606e-18,30.4720,0.000001,no,phig_mismatch_vs_iv
nsfet_p,-0.05,-0.155556,1.0000e+06,4.720,inferred,3.04940556e-17,-1.44187085e-17,-1.42423538e-17,-1.83299316e-18,30.4941,0.000000,no,phig_mismatch_vs_iv
nsfet_p,-0.05,-0.164444,1.0000e+06,4.720,inferred,3.05167297e-17,-1.44299132e-17,-1.42561901e-17,-1.83062658e-18,30.5167,0.000000,no,phig_mismatch_vs_iv
nsfet_p,-0.05,-0.173333,1.0000e+06,4.720,inferred,3.05401004e-17,-1.44413769e-17,-1.42704354e-17,-1.82828819e-18,30.5401,0.000000,no,phig_mismatch_vs_iv
nsfet_p,-0.05,-0.182222,1.0000e+06,4.720,inferred,3.05642910e-17,-1.44531316e-17,-1.42851795e-17,-1.82598000e-18,30.5643,0.000000,no,phig_mismatch_vs_iv
nsfet_p,-0.05,-0.191111,1.0000e+06,4.720,inferred,3.05894600e-17,-1.44652070e-17,-1.43005542e-17,-1.82369885e-18,30.5895,0.000000,no,phig_mismatch_vs_iv
nsfet_p,-0.05,-0.200000,1.0000e+06,4.720,inferred,3.06158132e-17,-1.44776434e-17,-1.43167289e-17,-1.82144106e-18,30.6158,0.000001,no,phig_mismatch_vs_iv
nsfet_p,-0.05,-0.208889,1.0000e+06,4.720,inferred,3.06436066e-17,-1.44904860e-17,-1.43339185e-17,-1.81920192e-18,30.6436,0.000000,no,phig_mismatch_vs_iv
nsfet_p,-0.05,-0.217778,1.0000e+06,4.720,inferred,3.06731328e-17,-1.45037936e-17,-1.43523650e-17,-1.81697418e-18,30.6731,0.000000,no,phig_mismatch_vs_iv
nsfet_p,-0.05,-0.226667,1.0000e+06,4.720,inferred,3.07047839e-17,-1.45176283e-17,-1.43723990e-17,-1.81475679e-18,30.7048,0.000000,no,phig_mismatch_vs_iv
nsfet_p,-0.05,-0.235556,1.0000e+06,4.720,inferred,3.07389874e-17,-1.45320457e-17,-1.43944012e-17,-1.81254048e-18,30.7390,0.000000,no,phig_mismatch_vs_iv
nsfet_p,-0.05,-0.244444,1.0000e+06,4.720,inferred,3.07762926e-17,-1.45471306e-17,-1.44188410e-17,-1.81032104e-18,30.7763,0.000000,no,phig_mismatch_vs_iv
nsfet_p,-0.05,-0.253333,1.0000e+06,4.720,inferred,3.08173842e-17,-1.45629537e-17,-1.44463369e-17,-1.80809348e-18,30.8174,0.000000,no,phig_mismatch_vs_iv
nsfet_p,-0.05,-0.262222,1.0000e+06,4.720,inferred,3.08631188e-17,-1.45796019e-17,-1.44776633e-17,-1.80585324e-18,30.8631,0.000001,no,phig_mismatch_vs_iv
nsfet_p,-0.05,-0.271111,1.0000e+06,4.720,inferred,3.09145585e-17,-1.45971862e-17,-1.45137775e-17,-1.80359491e-18,30.9146,0.000000,no,phig_mismatch_vs_iv
nsfet_p,-0.05,-0.280000,1.0000e+06,4.720,inferred,3.09730311e-17,-1.46157820e-17,-1.45559389e-17,-1.80131008e-18,30.9730,0.000000,no,phig_mismatch_vs_iv
nsfet_p,-0.05,-0.288889,1.0000e+06,4.720,inferred,3.10401630e-17,-1.46354961e-17,-1.46056781e-17,-1.79898912e-18,31.0402,0.000001,no,phig_mismatch_vs_iv
nsfet_p,-0.05,-0.297778,1.0000e+06,4.720,inferred,3.11180151e-17,-1.46564178e-17,-1.46649746e-17,-1.79662235e-18,31.1180,0.000001,no,phig_mismatch_vs_iv
nsfet_p,-0.05,-0.306667,1.0000e+06,4.720,inferred,3.12091265e-17,-1.46786363e-17,-1.47362940e-17,-1.79419659e-18,31.2091,0.000001,no,phig_mismatch_vs_iv
nsfet_p,-0.05,-0.315556,1.0000e+06,4.720,inferred,3.13166057e-17,-1.47022393e-17,-1.48226697e-17,-1.79169656e-18,31.3166,0.000000,no,phig_mismatch_vs_iv
nsfet_p,-0.05,-0.324444,1.0000e+06,4.720,inferred,3.14443247e-17,-1.47272957e-17,-1.49279275e-17,-1.78910186e-18,31.4443,0.000001,no,phig_mismatch_vs_iv
nsfet_p,-0.05,-0.333333,1.0000e+06,4.720,inferred,3.15969857e-17,-1.47539030e-17,-1.50566963e-17,-1.78638704e-18,31.5970,0.000002,no,phig_mismatch_vs_iv
nsfet_p,-0.05,-0.342222,1.0000e+06,4.720,inferred,3.17801841e-17,-1.47821534e-17,-1.52145083e-17,-1.78352212e-18,31.7802,0.000001,no,phig_mismatch_vs_iv
nsfet_p,-0.05,-0.351111,1.0000e+06,4.720,inferred,3.20009156e-17,-1.48121839e-17,-1.54082617e-17,-1.78047026e-18,32.0009,0.000001,no,phig_mismatch_vs_iv
nsfet_p,-0.05,-0.360000,1.0000e+06,4.720,inferred,3.22669769e-17,-1.48441485e-17,-1.56456424e-17,-1.77718572e-18,32.2670,0.000001,no,phig_mismatch_vs_iv
nsfet_p,-0.05,-0.368889,1.0000e+06,4.720,inferred,3.25858440e-17,-1.48782469e-17,-1.59339836e-17,-1.77361350e-18,32.5858,0.000000,no,phig_mismatch_vs_iv
nsfet_p,-0.05,-0.377778,1.0000e+06,4.720,inferred,3.29275694e-17,-1.49135786e-17,-1.62443041e-17,-1.76968688e-18,32.9276,0.000000,no,phig_mismatch_vs_iv
nsfet_p,-0.05,-0.386667,1.0000e+06,4.720,inferred,3.33019331e-17,-1.49538010e-17,-1.65828036e-17,-1.76532852e-18,33.3019,0.000000,no,phig_mismatch_vs_iv
nsfet_p,-0.05,-0.395556,1.0000e+06,4.720,inferred,3.37661630e-17,-1.50040449e-17,-1.70016703e-17,-1.76044785e-18,33.7662,0.000000,no,phig_mismatch_vs_iv
nsfet_p,-0.05,-0.404444,1.0000e+06,4.720,inferred,3.43154921e-17,-1.50700074e-17,-1.74905450e-17,-1.75493987e-18,34.3155,0.000001,no,phig_mismatch_vs_iv
nsfet_p,-0.05,-0.413333,1.0000e+06,4.720,inferred,3.49794846e-17,-1.51748190e-17,-1.80559759e-17,-1.74868985e-18,34.9795,0.000000,no,phig_mismatch_vs_iv
nsfet_p,-0.05,-0.422222,1.0000e+06,4.720,inferred,3.57414264e-17,-1.53197398e-17,-1.86801170e-17,-1.74156945e-18,35.7414,0.000000,no,phig_mismatch_vs_iv
nsfet_p,-0.05,-0.431111,1.0000e+06,4.720,inferred,3.65762216e-17,-1.54999248e-17,-1.93428411e-17,-1.73345558e-18,36.5762,0.000000,no,phig_mismatch_vs_iv
nsfet_p,-0.05,-0.440000,1.0000e+06,4.720,inferred,3.74718052e-17,-1.57196337e-17,-2.00279477e-17,-1.72422383e-18,37.4718,0.000000,no,phig_mismatch_vs_iv
nsfet_p,-0.05,-0.448889,1.0000e+06,4.720,inferred,3.84332163e-17,-1.59966618e-17,-2.07227800e-17,-1.71377441e-18,38.4332,0.000000,no,phig_mismatch_vs_iv
nsfet_p,-0.05,-0.457778,1.0000e+06,4.720,inferred,3.94525142e-17,-1.63363654e-17,-2.14141093e-17,-1.70203951e-18,39.4525,0.000000,no,phig_mismatch_vs_iv
nsfet_p,-0.05,-0.466667,1.0000e+06,4.720,inferred,4.05194023e-17,-1.67408014e-17,-2.20896136e-17,-1.68898737e-18,40.5194,0.000000,no,phig_mismatch_vs_iv
nsfet_p,-0.05,-0.475556,1.0000e+06,4.720,inferred,4.16209688e-17,-1.72062429e-17,-2.27400605e-17,-1.67466534e-18,41.6210,0.000000,no,phig_mismatch_vs_iv
nsfet_p,-0.05,-0.484444,1.0000e+06,4.720,inferred,4.27443607e-17,-1.77261543e-17,-2.33590563e-17,-1.65915019e-18,42.7444,0.000000,no,phig_mismatch_vs_iv
nsfet_p,-0.05,-0.493333,1.0000e+06,4.720,inferred,4.38750529e-17,-1.82912866e-17,-2.39411717e-17,-1.64259492e-18,43.8751,0.000001,no,phig_mismatch_vs_iv
nsfet_p,-0.05,-0.502222,1.0000e+06,4.720,inferred,4.50008628e-17,-1.88915352e-17,-2.44840570e-17,-1.62527061e-18,45.0009,0.000000,no,phig_mismatch_vs_iv
nsfet_p,-0.05,-0.511111,1.0000e+06,4.720,inferred,4.61098415e-17,-1.95162224e-17,-2.49861598e-17,-1.60745947e-18,46.1098,0.000000,no,phig_mismatch_vs_iv
nsfet_p,-0.05,-0.520000,1.0000e+06,4.720,inferred,4.71940517e-17,-2.01561056e-17,-2.54486250e-17,-1.58932135e-18,47.1941,0.000001,no,phig_mismatch_vs_iv
nsfet_p,-0.05,-0.528889,1.0000e+06,4.720,inferred,4.82463803e-17,-2.08030562e-17,-2.58721321e-17,-1.57119216e-18,48.2464,0.000000,no,phig_mismatch_vs_iv
nsfet_p,-0.05,-0.537778,1.0000e+06,4.720,inferred,4.92620616e-17,-2.14496995e-17,-2.62590968e-17,-1.55326532e-18,49.2621,0.000000,no,phig_mismatch_vs_iv
nsfet_p,-0.05,-0.546667,1.0000e+06,4.720,inferred,5.02350382e-17,-2.20887990e-17,-2.66101353e-17,-1.53610363e-18,50.2350,0.000001,no,phig_mismatch_vs_iv
nsfet_p,-0.05,-0.555556,1.0000e+06,4.720,inferred,5.11662813e-17,-2.27166323e-17,-2.69302283e-17,-1.51942070e-18,51.1663,0.000000,no,phig_mismatch_vs_iv
nsfet_p,-0.05,-0.564444,1.0000e+06,4.720,inferred,5.20529970e-17,-2.33272626e-17,-2.72221523e-17,-1.50358173e-18,52.0530,0.000001,no,phig_mismatch_vs_iv
nsfet_p,-0.05,-0.573333,1.0000e+06,4.720,inferred,5.28993736e-17,-2.39214606e-17,-2.74896863e-17,-1.48822663e-18,52.8994,0.000000,no,phig_mismatch_vs_iv
nsfet_p,-0.05,-0.582222,1.0000e+06,4.720,inferred,5.37007272e-17,-2.44918458e-17,-2.77348398e-17,-1.47404157e-18,53.7007,0.000000,no,phig_mismatch_vs_iv
nsfet_p,-0.05,-0.591111,1.0000e+06,4.720,inferred,5.44601148e-17,-2.50384752e-17,-2.79609743e-17,-1.46066535e-18,54.4601,0.000000,no,phig_mismatch_vs_iv
nsfet_p,-0.05,-0.600000,1.0000e+06,4.720,inferred,5.51811202e-17,-2.55638862e-17,-2.81690657e-17,-1.44816872e-18,55.1811,0.000001,no,phig_mismatch_vs_iv
nsfet_p,-0.6,0.000000,1.0000e+06,4.720,logged,2.99848929e-17,-1.37911752e-17,-1.43114466e-17,-1.87027449e-18,29.9849,0.040009,no,phig_mismatch_vs_iv
nsfet_p,-0.6,-0.006667,1.0000e+06,4.720,logged,2.99909977e-17,-1.37775762e-17,-1.43204071e-17,-1.86869351e-18,29.9910,0.081094,no,phig_mismatch_vs_iv
nsfet_p,-0.6,-0.013333,1.0000e+06,4.720,logged,2.99787053e-17,-1.37736776e-17,-1.42858845e-17,-1.86713350e-18,29.9787,0.173489,no,phig_mismatch_vs_iv
nsfet_p,-0.6,-0.020000,1.0000e+06,4.720,logged,2.98444105e-17,-1.37899633e-17,-1.41833069e-17,-1.86557836e-18,29.8444,0.018636,no,phig_mismatch_vs_iv
nsfet_p,-0.6,-0.026667,1.0000e+06,4.720,logged,2.97890278e-17,-1.38081258e-17,-1.41166051e-17,-1.86400344e-18,29.7890,0.000985,no,phig_mismatch_vs_iv
nsfet_p,-0.6,-0.033333,1.0000e+06,4.720,logged,2.97879256e-17,-1.38154353e-17,-1.41103891e-17,-1.86243256e-18,29.7879,0.001113,no,phig_mismatch_vs_iv
nsfet_p,-0.6,-0.040000,1.0000e+06,4.720,logged,2.97951490e-17,-1.38212696e-17,-1.41131008e-17,-1.86086239e-18,29.7951,0.000281,no,phig_mismatch_vs_iv
nsfet_p,-0.6,-0.046667,1.0000e+06,4.720,logged,2.98049189e-17,-1.38267272e-17,-1.41189313e-17,-1.85928810e-18,29.8049,0.000093,no,phig_mismatch_vs_iv
nsfet_p,-0.6,-0.053333,1.0000e+06,4.720,logged,2.98154300e-17,-1.38320820e-17,-1.41256936e-17,-1.85770648e-18,29.8154,0.000175,no,phig_mismatch_vs_iv
nsfet_p,-0.6,-0.060000,1.0000e+06,4.720,logged,2.98264979e-17,-1.38373807e-17,-1.41330108e-17,-1.85612669e-18,29.8265,0.000068,no,phig_mismatch_vs_iv
nsfet_p,-0.6,-0.066667,1.0000e+06,4.720,logged,2.98379390e-17,-1.38426421e-17,-1.41407457e-17,-1.85454498e-18,29.8379,0.000021,no,phig_mismatch_vs_iv
nsfet_p,-0.6,-0.073333,1.0000e+06,4.720,logged,2.98496511e-17,-1.38478813e-17,-1.41488101e-17,-1.85296192e-18,29.8497,0.000007,no,phig_mismatch_vs_iv
nsfet_p,-0.6,-0.080000,1.0000e+06,4.720,logged,2.98616528e-17,-1.38531065e-17,-1.41571557e-17,-1.85138031e-18,29.8617,0.000035,no,phig_mismatch_vs_iv
nsfet_p,-0.6,-0.086667,1.0000e+06,4.720,logged,2.98738764e-17,-1.38583223e-17,-1.41657460e-17,-1.84979912e-18,29.8739,0.000030,no,phig_mismatch_vs_iv
nsfet_p,-0.6,-0.093333,1.0000e+06,4.720,logged,2.98863019e-17,-1.38635307e-17,-1.41745521e-17,-1.84821984e-18,29.8863,0.000002,no,phig_mismatch_vs_iv
nsfet_p,-0.6,-0.100000,1.0000e+06,4.720,logged,2.98989300e-17,-1.38687337e-17,-1.41835491e-17,-1.84664681e-18,29.8989,0.000001,no,phig_mismatch_vs_iv
nsfet_p,-0.6,-0.106667,1.0000e+06,4.720,logged,2.99116787e-17,-1.38739289e-17,-1.41926783e-17,-1.84506913e-18,29.9117,0.000008,no,phig_mismatch_vs_iv
nsfet_p,-0.6,-0.113333,1.0000e+06,4.720,logged,2.99245505e-17,-1.38791231e-17,-1.42019182e-17,-1.84350444e-18,29.9246,0.000016,no,phig_mismatch_vs_iv
nsfet_p,-0.6,-0.120000,1.0000e+06,4.720,logged,2.99375039e-17,-1.38843217e-17,-1.42112256e-17,-1.84195506e-18,29.9375,0.000005,no,phig_mismatch_vs_iv
nsfet_p,-0.6,-0.126667,1.0000e+06,4.720,logged,2.99505115e-17,-1.38895296e-17,-1.42205587e-17,-1.84042217e-18,29.9505,0.000003,no,phig_mismatch_vs_iv
nsfet_p,-0.6,-0.133333,1.0000e+06,4.720,logged,2.99635702e-17,-1.38947512e-17,-1.42299073e-17,-1.83891179e-18,29.9636,0.000000,no,phig_mismatch_vs_iv
nsfet_p,-0.6,-0.140000,1.0000e+06,4.720,logged,2.99766783e-17,-1.38999792e-17,-1.42392802e-17,-1.83741881e-18,29.9767,0.000000,no,phig_mismatch_vs_iv
nsfet_p,-0.6,-0.146667,1.0000e+06,4.720,logged,2.99898942e-17,-1.39052082e-17,-1.42487366e-17,-1.83594949e-18,29.9899,0.000001,no,phig_mismatch_vs_iv
nsfet_p,-0.6,-0.153333,1.0000e+06,4.720,logged,3.00031426e-17,-1.39104151e-17,-1.42582651e-17,-1.83446186e-18,30.0031,0.000002,no,phig_mismatch_vs_iv
nsfet_p,-0.6,-0.160000,1.0000e+06,4.720,logged,3.00167100e-17,-1.39156269e-17,-1.42680592e-17,-1.83302429e-18,30.0167,0.000001,no,phig_mismatch_vs_iv
nsfet_p,-0.6,-0.166667,1.0000e+06,4.720,logged,3.00305345e-17,-1.39208265e-17,-1.42781150e-17,-1.83159307e-18,30.0305,0.000000,no,phig_mismatch_vs_iv
nsfet_p,-0.6,-0.173333,1.0000e+06,4.720,logged,3.00446557e-17,-1.39260099e-17,-1.42884881e-17,-1.83015785e-18,30.0447,0.000001,no,phig_mismatch_vs_iv
nsfet_p,-0.6,-0.180000,1.0000e+06,4.720,logged,3.00592137e-17,-1.39311908e-17,-1.42992845e-17,-1.82873839e-18,30.0592,0.000000,no,phig_mismatch_vs_iv
nsfet_p,-0.6,-0.186667,1.0000e+06,4.720,logged,3.00742509e-17,-1.39363718e-17,-1.43105518e-17,-1.82732710e-18,30.0743,0.000001,no,phig_mismatch_vs_iv
nsfet_p,-0.6,-0.193333,1.0000e+06,4.720,logged,3.00898252e-17,-1.39415485e-17,-1.43223611e-17,-1.82591531e-18,30.0898,0.000001,no,phig_mismatch_vs_iv
nsfet_p,-0.6,-0.200000,1.0000e+06,4.720,logged,3.01060251e-17,-1.39467250e-17,-1.43347954e-17,-1.82450479e-18,30.1060,0.000000,no,phig_mismatch_vs_iv
nsfet_p,-0.6,-0.206667,1.0000e+06,4.720,logged,3.01229864e-17,-1.39519032e-17,-1.43479808e-17,-1.82310233e-18,30.1230,0.000000,no,phig_mismatch_vs_iv
nsfet_p,-0.6,-0.213333,1.0000e+06,4.720,logged,3.01407785e-17,-1.39570786e-17,-1.43620038e-17,-1.82169602e-18,30.1408,0.000000,no,phig_mismatch_vs_iv
nsfet_p,-0.6,-0.220000,1.0000e+06,4.720,logged,3.01595917e-17,-1.39622540e-17,-1.43770414e-17,-1.82029623e-18,30.1596,0.000000,no,phig_mismatch_vs_iv
nsfet_p,-0.6,-0.226667,1.0000e+06,4.720,logged,3.01795459e-17,-1.39674252e-17,-1.43932284e-17,-1.81889236e-18,30.1795,0.000000,no,phig_mismatch_vs_iv
nsfet_p,-0.6,-0.233333,1.0000e+06,4.720,logged,3.02008522e-17,-1.39725915e-17,-1.44107752e-17,-1.81748569e-18,30.2009,0.000000,no,phig_mismatch_vs_iv
nsfet_p,-0.6,-0.240000,1.0000e+06,4.720,logged,3.02237216e-17,-1.39777497e-17,-1.44299022e-17,-1.81606966e-18,30.2237,0.000000,no,phig_mismatch_vs_iv
nsfet_p,-0.6,-0.246667,1.0000e+06,4.720,logged,3.02484879e-17,-1.39829001e-17,-1.44509363e-17,-1.81465134e-18,30.2485,0.000000,no,phig_mismatch_vs_iv
nsfet_p,-0.6,-0.253333,1.0000e+06,4.720,logged,3.02754798e-17,-1.39880387e-17,-1.44742154e-17,-1.81322590e-18,30.2755,0.000001,no,phig_mismatch_vs_iv
nsfet_p,-0.6,-0.260000,1.0000e+06,4.720,logged,3.03050988e-17,-1.39931632e-17,-1.45001454e-17,-1.81179066e-18,30.3051,0.000002,no,phig_mismatch_vs_iv
nsfet_p,-0.6,-0.266667,1.0000e+06,4.720,logged,3.03378068e-17,-1.39982615e-17,-1.45292111e-17,-1.81033501e-18,30.3378,0.000003,no,phig_mismatch_vs_iv
nsfet_p,-0.6,-0.273333,1.0000e+06,4.720,logged,3.03742697e-17,-1.40033394e-17,-1.45620590e-17,-1.80887124e-18,30.3743,0.000000,no,phig_mismatch_vs_iv
nsfet_p,-0.6,-0.280000,1.0000e+06,4.720,logged,3.04150998e-17,-1.40083890e-17,-1.45993288e-17,-1.80738227e-18,30.4151,0.000001,no,phig_mismatch_vs_iv
nsfet_p,-0.6,-0.286667,1.0000e+06,4.720,logged,3.04610861e-17,-1.40134187e-17,-1.46418007e-17,-1.80586713e-18,30.4611,0.000002,no,phig_mismatch_vs_iv
nsfet_p,-0.6,-0.293333,1.0000e+06,4.720,logged,3.05131187e-17,-1.40184337e-17,-1.46903629e-17,-1.80432209e-18,30.5131,0.000000,no,phig_mismatch_vs_iv
nsfet_p,-0.6,-0.300000,1.0000e+06,4.720,logged,3.05722367e-17,-1.40234374e-17,-1.47460573e-17,-1.80274202e-18,30.5722,0.000000,no,phig_mismatch_vs_iv
nsfet_p,-0.6,-0.306667,1.0000e+06,4.720,logged,3.06396734e-17,-1.40284261e-17,-1.48101288e-17,-1.80111854e-18,30.6397,0.000000,no,phig_mismatch_vs_iv
nsfet_p,-0.6,-0.313333,1.0000e+06,4.720,logged,3.07168253e-17,-1.40333897e-17,-1.48839914e-17,-1.79944409e-18,30.7168,0.000000,no,phig_mismatch_vs_iv
nsfet_p,-0.6,-0.320000,1.0000e+06,4.720,logged,3.08053439e-17,-1.40383213e-17,-1.49693080e-17,-1.79771470e-18,30.8053,0.000000,no,phig_mismatch_vs_iv
nsfet_p,-0.6,-0.326667,1.0000e+06,4.720,logged,3.09072646e-17,-1.40432003e-17,-1.50681467e-17,-1.79591755e-18,30.9073,0.000000,no,phig_mismatch_vs_iv
nsfet_p,-0.6,-0.333333,1.0000e+06,4.720,logged,3.10247530e-17,-1.40480031e-17,-1.51827131e-17,-1.79403684e-18,31.0248,0.000000,no,phig_mismatch_vs_iv
nsfet_p,-0.6,-0.340000,1.0000e+06,4.720,logged,3.11601195e-17,-1.40527217e-17,-1.53153307e-17,-1.79206693e-18,31.1601,0.000000,no,phig_mismatch_vs_iv
nsfet_p,-0.6,-0.346667,1.0000e+06,4.720,logged,3.13165173e-17,-1.40573181e-17,-1.54692146e-17,-1.78998453e-18,31.3165,0.000001,no,phig_mismatch_vs_iv
nsfet_p,-0.6,-0.353333,1.0000e+06,4.720,logged,3.14969389e-17,-1.40617762e-17,-1.56473727e-17,-1.78779000e-18,31.4969,0.000000,no,phig_mismatch_vs_iv
nsfet_p,-0.6,-0.360000,1.0000e+06,4.720,logged,3.17047032e-17,-1.40660242e-17,-1.58532325e-17,-1.78544634e-18,31.7047,0.000001,no,phig_mismatch_vs_iv
nsfet_p,-0.6,-0.366667,1.0000e+06,4.720,logged,3.19382050e-17,-1.40700680e-17,-1.60851921e-17,-1.78294491e-18,31.9382,0.000000,no,phig_mismatch_vs_iv
nsfet_p,-0.6,-0.373333,1.0000e+06,4.720,logged,3.22070397e-17,-1.40739849e-17,-1.63527905e-17,-1.78026433e-18,32.2070,0.000000,no,phig_mismatch_vs_iv
nsfet_p,-0.6,-0.380000,1.0000e+06,4.720,logged,3.24981087e-17,-1.40776355e-17,-1.66430857e-17,-1.77738704e-18,32.4981,0.000001,no,phig_mismatch_vs_iv
nsfet_p,-0.6,-0.386667,1.0000e+06,4.720,logged,3.27922136e-17,-1.40809517e-17,-1.69369775e-17,-1.77428443e-18,32.7922,0.000000,no,phig_mismatch_vs_iv
nsfet_p,-0.6,-0.393333,1.0000e+06,4.720,logged,3.30866848e-17,-1.40840652e-17,-1.72316762e-17,-1.77094343e-18,33.0867,0.000000,no,phig_mismatch_vs_iv
nsfet_p,-0.6,-0.400000,1.0000e+06,4.720,logged,3.33948635e-17,-1.40874344e-17,-1.75400928e-17,-1.76733579e-18,33.3949,0.000002,no,phig_mismatch_vs_iv
nsfet_p,-0.6,-0.406667,1.0000e+06,4.720,logged,3.37412547e-17,-1.40916575e-17,-1.78861473e-17,-1.76344985e-18,33.7413,0.000000,no,phig_mismatch_vs_iv
nsfet_p,-0.6,-0.413333,1.0000e+06,4.720,logged,3.41038963e-17,-1.40959867e-17,-1.82486568e-17,-1.75925294e-18,34.1039,0.000000,no,phig_mismatch_vs_iv
nsfet_p,-0.6,-0.420000,1.0000e+06,4.720,logged,3.44878869e-17,-1.41008239e-17,-1.86323263e-17,-1.75473690e-18,34.4879,0.000000,no,phig_mismatch_vs_iv
nsfet_p,-0.6,-0.426667,1.0000e+06,4.720,logged,3.48919263e-17,-1.41063213e-17,-1.90357183e-17,-1.74988682e-18,34.8919,0.000000,no,phig_mismatch_vs_iv
nsfet_p,-0.6,-0.433333,1.0000e+06,4.720,logged,3.53081462e-17,-1.41123115e-17,-1.94511337e-17,-1.74470106e-18,35.3081,0.000000,no,phig_mismatch_vs_iv
nsfet_p,-0.6,-0.440000,1.0000e+06,4.720,logged,3.57505157e-17,-1.41198840e-17,-1.98914575e-17,-1.73917442e-18,35.7505,0.000000,no,phig_mismatch_vs_iv
nsfet_p,-0.6,-0.446667,1.0000e+06,4.720,logged,3.61993556e-17,-1.41276832e-17,-2.03383549e-17,-1.73331771e-18,36.1994,0.000000,no,phig_mismatch_vs_iv
nsfet_p,-0.6,-0.453333,1.0000e+06,4.720,logged,3.66483191e-17,-1.41356488e-17,-2.07855410e-17,-1.72712956e-18,36.6483,0.000001,no,phig_mismatch_vs_iv
nsfet_p,-0.6,-0.460000,1.0000e+06,4.720,logged,3.70918375e-17,-1.41436476e-17,-2.12275754e-17,-1.72061439e-18,37.0918,0.000000,no,phig_mismatch_vs_iv
nsfet_p,-0.6,-0.466667,1.0000e+06,4.720,logged,3.75241813e-17,-1.41514245e-17,-2.16589653e-17,-1.71379164e-18,37.5242,0.000000,no,phig_mismatch_vs_iv
nsfet_p,-0.6,-0.473333,1.0000e+06,4.720,logged,3.79628294e-17,-1.41608892e-17,-2.20952440e-17,-1.70669649e-18,37.9628,0.000001,no,phig_mismatch_vs_iv
nsfet_p,-0.6,-0.480000,1.0000e+06,4.720,logged,3.84018981e-17,-1.41716027e-17,-2.25309839e-17,-1.69931164e-18,38.4019,0.000000,no,phig_mismatch_vs_iv
nsfet_p,-0.6,-0.486667,1.0000e+06,4.720,logged,3.88363473e-17,-1.41832607e-17,-2.29613761e-17,-1.69171074e-18,38.8363,0.000001,no,phig_mismatch_vs_iv
nsfet_p,-0.6,-0.493333,1.0000e+06,4.720,logged,3.92444217e-17,-1.41935483e-17,-2.33669853e-17,-1.68388828e-18,39.2444,0.000000,no,phig_mismatch_vs_iv
nsfet_p,-0.6,-0.500000,1.0000e+06,4.720,logged,3.96364078e-17,-1.42036862e-17,-2.37568103e-17,-1.67591142e-18,39.6364,0.000000,no,phig_mismatch_vs_iv
nsfet_p,-0.6,-0.506667,1.0000e+06,4.720,logged,4.00168107e-17,-1.42143513e-17,-2.41346418e-17,-1.66781768e-18,40.0168,0.000000,no,phig_mismatch_vs_iv
nsfet_p,-0.6,-0.513333,1.0000e+06,4.720,logged,4.03865047e-17,-1.42257977e-17,-2.45010311e-17,-1.65967582e-18,40.3865,0.000000,no,phig_mismatch_vs_iv
nsfet_p,-0.6,-0.520000,1.0000e+06,4.720,logged,4.07430504e-17,-1.42376204e-17,-2.48540678e-17,-1.65136213e-18,40.7431,0.000000,no,phig_mismatch_vs_iv
nsfet_p,-0.6,-0.526667,1.0000e+06,4.720,logged,4.10963787e-17,-1.42516054e-17,-2.52017626e-17,-1.64301113e-18,41.0964,0.000001,no,phig_mismatch_vs_iv
nsfet_p,-0.6,-0.533333,1.0000e+06,4.720,logged,4.14206983e-17,-1.42637673e-17,-2.55222454e-17,-1.63468519e-18,41.4207,0.000001,no,phig_mismatch_vs_iv
nsfet_p,-0.6,-0.540000,1.0000e+06,4.720,logged,4.17296947e-17,-1.42763117e-17,-2.58270592e-17,-1.62632425e-18,41.7297,0.000001,no,phig_mismatch_vs_iv
nsfet_p,-0.6,-0.546667,1.0000e+06,4.720,logged,4.20355752e-17,-1.42914510e-17,-2.61261154e-17,-1.61800852e-18,42.0356,0.000000,no,phig_mismatch_vs_iv
nsfet_p,-0.6,-0.553333,1.0000e+06,4.720,logged,4.23166703e-17,-1.43056125e-17,-2.64011359e-17,-1.60992185e-18,42.3167,0.000000,no,phig_mismatch_vs_iv
nsfet_p,-0.6,-0.560000,1.0000e+06,4.720,logged,4.25922648e-17,-1.43222702e-17,-2.66681202e-17,-1.60187443e-18,42.5923,0.000000,no,phig_mismatch_vs_iv
nsfet_p,-0.6,-0.566667,1.0000e+06,4.720,logged,4.28511660e-17,-1.43389892e-17,-2.69184365e-17,-1.59373982e-18,42.8512,0.000001,no,phig_mismatch_vs_iv
nsfet_p,-0.6,-0.573333,1.0000e+06,4.720,logged,4.31008032e-17,-1.43577404e-17,-2.71572327e-17,-1.58582967e-18,43.1008,0.000001,no,phig_mismatch_vs_iv
nsfet_p,-0.6,-0.580000,1.0000e+06,4.720,logged,4.33335853e-17,-1.43765654e-17,-2.73790180e-17,-1.57800191e-18,43.3336,0.000000,no,phig_mismatch_vs_iv
nsfet_p,-0.6,-0.586667,1.0000e+06,4.720,logged,4.35536185e-17,-1.43963322e-17,-2.75871700e-17,-1.57011618e-18,43.5536,0.000000,no,phig_mismatch_vs_iv
nsfet_p,-0.6,-0.593333,1.0000e+06,4.720,logged,4.37706082e-17,-1.44194731e-17,-2.77887176e-17,-1.56241750e-18,43.7706,0.000000,no,phig_mismatch_vs_iv
nsfet_p,-0.6,-0.600000,1.0000e+06,4.720,logged,4.39656015e-17,-1.44414023e-17,-2.79693550e-17,-1.55484439e-18,43.9656,0.000000,no,phig_mismatch_vs_iv
